{
    "Apple_Apple_scab": {
        "description": "A fungal disease affecting apple leaves and fruits.",
        "cause": "Fungus Venturia inaequalis.",
        "symptoms": ["Olive-green or brown spots on leaves", "Cracking of fruits"],
        "prevention": ["Use resistant varieties", "Apply fungicides during the growing season"],
        "treatment": ["Remove infected leaves and fruits", "Fungicide application as recommended"]
    },
    "Apple_Black_rot": {
        "description": "A fungal disease causing fruit rot and leaf spots.",
        "cause": "Fungus Botryosphaeria obtusa.",
        "symptoms": ["Concentric rings on fruit", "Dark lesions on leaves"],
        "prevention": ["Prune infected branches", "Avoid overhead watering"],
        "treatment": ["Use fungicides approved for black rot", "Maintain orchard sanitation"]
    },
    "Apple_Cedar_apple_rust": {
        "description": "A fungal disease spread between apple and cedar trees.",
        "cause": "Fungus Gymnosporangium juniperi-virginianae.",
        "symptoms": ["Bright orange spots on leaves", "Deformed fruits"],
        "prevention": ["Plant resistant apple varieties", "Remove nearby cedar trees"],
        "treatment": ["Apply fungicides during bloom period", "Remove affected leaves"]
    },
    "Apple_Healthy": {
        "description": "The apple tree is healthy with no visible signs of disease.",
        "cause": "Optimal care and environmental conditions.",
        "symptoms": ["Green, vibrant leaves", "Disease-free fruits"],
        "prevention": ["Regular pruning and care", "Timely pest management"],
        "treatment": ["No treatment required"]
    },
    "Corn_Common_rust": {
        "description": "A fungal disease affecting corn leaves.",
        "cause": "Fungus Puccinia sorghi.",
        "symptoms": ["Reddish-brown pustules on leaves", "Yellowing of leaf tissue"],
        "prevention": ["Plant resistant hybrids", "Avoid overhead irrigation"],
        "treatment": ["Apply fungicides if necessary", "Promote airflow in the crop canopy"]
    },
    "Corn_Northern_Leaf_Blight": {
        "description": "A foliar disease caused by fungal infection.",
        "cause": "Fungus Exserohilum turcicum.",
        "symptoms": ["Large, elliptical gray lesions on leaves", "Premature leaf death"],
        "prevention": ["Rotate crops", "Plant resistant hybrids"],
        "treatment": ["Apply fungicides at early stages", "Maintain healthy soil conditions"]
    },
    "Corn_Healthy": {
        "description": "The corn plant is healthy with no visible signs of disease.",
        "cause": "Optimal care and environmental conditions.",
        "symptoms": ["Green and uniform leaves", "No signs of discoloration or lesions"],
        "prevention": ["Follow good agricultural practices", "Regular monitoring for pests or diseases"],
        "treatment": ["No treatment required"]
    },
    "Grape_Black_rot": {
        "description": "A fungal disease causing fruit rot and leaf damage.",
        "cause": "Fungus Guignardia bidwellii.",
        "symptoms": ["Brown spots on leaves", "Shriveled, blackened fruits"],
        "prevention": ["Prune infected plant parts", "Apply fungicides before wet periods"],
        "treatment": ["Remove all infected fruits and leaves", "Use protective fungicide sprays"]
    },
    "Tomato_Bacterial_spot": {
        "description": "A bacterial disease affecting tomato leaves and fruits.",
        "cause": "Bacteria Xanthomonas species.",
        "symptoms": ["Small, dark, water-soaked spots on leaves", "Cracked and spotted fruits"],
        "prevention": ["Plant certified disease-free seeds", "Avoid working in wet fields"],
        "treatment": ["Apply copper-based bactericides", "Remove and destroy infected plants"]
    },
    "Tomato_Late_blight": {
        "description": "A devastating fungal disease affecting tomato plants.",
        "cause": "Fungus Phytophthora infestans.",
        "symptoms": ["Dark, water-soaked spots on leaves", "Rotting of fruits"],
        "prevention": ["Plant resistant tomato varieties", "Avoid overhead watering"],
        "treatment": ["Apply fungicides immediately", "Remove infected plants to prevent spread"]
    },
    "Tomato_Healthy": {
        "description": "The tomato plant is healthy with no visible signs of disease.",
        "cause": "Optimal care and environmental conditions.",
        "symptoms": ["Green leaves and vibrant fruits", "No signs of spots or discoloration"],
        "prevention": ["Proper watering and fertilization", "Regular monitoring for pests or diseases"],
        "treatment": ["No treatment required"]
    },
}